,id,text,author_title,stemmed_text
2150,2150,ostatnią dziwką sercu oddałam duszę uuuuuuuuuuu spaliłam ciuchy nago stać oddałam tez honor uuuuuuuuuuu zastrzel jutro serce wbij nóż zwariuję zarżnij zastrzel jutro chcesz spłacę swój dług skroni broń gotów pal przestałam oddychać serce zdobi stół oddałam swe grzechy uuuuuuuu zabiłam tęsknotę wraz nadzieją swą oddałam marzenia uuuuuu zastrzel jutro serce wbij nóż zwariuję zarżnij zastrzel jutro chcesz spłacę swój dług skroni bron gotów pal zastrzel chciałabym zginąć zastrzel chciałabym zginąć zastrzel jutro serce wbij nóż zwariuję zarżnij zastrzel jutro chcesz spłacę swój dług skroni broń gotów zastrzel jutro serce wbij nóż zwariuję zarżnij zastrzel jutro chcesz spłacę swój dług skroni bron gotów pal zastrzel chciałabym zginąć zastrzel chciałabym zginąć zastrzel chciałabym zginąć zastrzel chciałabym zginąć zastrzel chciałabym zginąć zastrzel chciałabym zginąć zastrzel chciałabym zginąć,ich_troje-zastrzel_mnie_dzis,ostatni:a dziwka serce oddać dusza uuuuuuuuuuu spalić ciuchy nago stać:v oddać teza honor uuuuuuuuuuu zastrzelić jutro:d serce wbić nóż zwariować zarżnąć zastrzelić jutro:d chcieć spłacić swój dług skroń broń gotów pal przestać:v1 oddychać serce zdobić stół oddać swój grzech uuuuuuuu zabić tęsknota wraz:s nadziać swój oddać marzenia uuuuuu zastrzelić jutro:d serce wbić nóż zwariować zarżnąć zastrzelić jutro:d chcieć spłacić swój dług skroń brona gotów pal zastrzelić chcieć zginąć zastrzelić chcieć zginąć zastrzelić jutro:d serce wbić nóż zwariować zarżnąć zastrzelić jutro:d chcieć spłacić swój dług skroń broń gotów zastrzelić jutro:d serce wbić nóż zwariować zarżnąć zastrzelić jutro:d chcieć spłacić swój dług skroń brona gotów pal zastrzelić chcieć zginąć zastrzelić chcieć zginąć zastrzelić chcieć zginąć zastrzelić chcieć zginąć zastrzelić chcieć zginąć zastrzelić chcieć zginąć zastrzelić chcieć zginąć
2151,2151,lewą nogą rano wstałem przepracowałem idę roboty obchodzi potem nikt pyta zdanie takim stanie śpię jadam głupot opowiadam kawa ławę ławę załatwiam każdą sprawę kawa ławę ławę zapewnia zabawę kawa ławę ławę załatwi każdą sprawę kawa ławę coffe the blat pasuje denerwuje walę równo dosłownie najwygodniej cichy spokojny prowadzę nikim wojny chyba trafi demon budzi kawa ławę ławę załatwiam każdą sprawę kawa ławę ławę zapewnia zabawę kawa ławę ławę załatwi każdą sprawę kawa ławę coffe the blat,ich_troje-kawa_na_lawe,lewy:a noga rano:d wstać przepracować iść roboty obchodzić potem nikt pytać zdanie taki:a stanąć spać jadać głupota opowiadać kawa ława ława załatwiać każdy sprawa kawa ława ława zapewniać zabawa kawa ława ława załatwić każdy sprawa kawa ława coffe the blat pasować denerwować walić równo dosłownie wygodnie cichy spokojny prowadzić nikt wojna chybać trafić demon budzić kawa ława ława załatwiać każdy sprawa kawa ława ława zapewniać zabawa kawa ława ława załatwić każdy sprawa kawa ława coffe the blat
2152,2152,bleib heute nacht bitte geh noch nicht weg sehe ganz tief in dein seelenverstäck da drin bist du wie sehe viel mehr als die anderen seh’n du schützt dich bloss und das kann versteh’n doch du verlierst mich nicht und heute nacht schläfst du in meinen armen ein du warst zum letzten mal auf dieser welt allein und heute nacht wird hier ein neuer stern gebor’n und wir sind niemals mehr verlor’n niemals mehr verlor’n wollte auch mehr lieben wie du hab auch nein gesagt schlieβ mein herz zu mir tut niemand mehr weh doch nah bei dir bin wehrlos und weich öffne mich für ein ganz neues reich die angst schmilzt doch weg wie schnee und heute nacht schläfst du in meinen armen ein du warst zum letzten mal auf dieser welt allein und heute nacht wird hier ein neuer stern gebor’n und wir sind niemals mehr verlor’n niemals mehr verlor’n,ich_troje-heute_nacht,bleib heute nacht bitte geh Noch:s1 nicht Wega sehe ganz tief in dein seelenverstäck dać drin bist du wiedzieć sehe viel mehr als die anderen seh du schützt dich bloss Undy das kanna versteh doch du verlierst micha nicht Undy heute nacht schläfst du in meinen armen ein du warsta zum letzten Księga_Malachiasza auf dieser welt allein Undy heute nacht wird hier ein neuer Stern:s3 gebor Undy wir sind niemals mehr verlor niemals mehr verlor wollte auch mehr lieben wiedzieć du Księga_Habakuka auch nein gesagt schlieβ mein herz zu mir tuta nieManda:s2 mehr weh doch Księga_Nahuma bei dir bin wehrlos Undy weich öffne micha für ein ganz neues Reich:s2 die angst schmilzt doch Wega wiedzieć schnee Undy heute nacht schläfst du in meinen armen ein du warsta zum letzten Księga_Malachiasza auf dieser welt allein Undy heute nacht wird hier ein neuer Stern:s3 gebor Undy wir sind niemals mehr verlor niemals mehr verlor
2153,2153,pustym światłocieniu uczuć wiem chcesz odnaleźć sens bliskich sercu cichych pragnień prostych słów odejdź stąd znam bladym wyrzeźbionym geście odnajduję własną twarz drzemie cień nadziei rozpacz wie zna x prostu wyjdź zamknij drzwi zatrzymaj czas chwil ii czuły ciepły szept szczerych prostych słów bezmiar pocałunków otchłań najprawdziwszych snów powódź uczuć trwa serce daje znak prądem pragnień popłyń poddawaj uparty czas chce dogonić targa ciągnie chce usłyszeć pass możesz wejść wyjść wejść wyjść wejść zamykaj drzwi x prostu wyjdź zamknij drzwi zatrzymaj czas chwil korowodzie własnych myśli połączonych szukam serc pajęczyna melancholii wokół szkoda słów znasz rozścielonych kwiatach róży zakurzonych szukam chwil skromnych uczuć zapomnianych dziki kwiat złączył złączył x prostu wyjdź zamknij drzwi zatrzymaj czas chwil,ich_troje-drzwi,pusty światłocień uczucie wiedzieć chcieć odnaleźć sens bliski serce cichy pragnienie prosty:a słowo odejść stąd znać:v blady wyrzeźbić gest odnajdować własny twarz drzemać cień nadzieja rozpacz wiedzieć znać:v X prosty:a wyjść zamknąć drzwi zatrzymać czas:v chwila ii czuły ciepły szept szczery prosty:a słowo bezmiar pocałunek otchłań prawdziwy sen:s1 powódź uczucie trwać serce dawać znak prąd pragnienie popłynąć poddawać uparty czas:v chcieć dogonić targać ciągnąć:v1 chcieć usłyszeć passa móc wejście wyjście wejście wyjście wejście zamykać drzwi X prosty:a wyjść zamknąć drzwi zatrzymać czas:v chwila korowód własny myślić połączyć szukać serce pajęczyna melancholia wokół:d szkoda:d słowo znać:v rozścielić kwiat róża zakurzyć szukać chwila skromny uczucie zapomnieć dziki:a kwiat złączyć złączyć X prosty:a wyjść zamknąć drzwi zatrzymać czas:v chwila
2154,2154,bloku mieszkaniem nr mieszka andżelika k stało pracy dnia matmy wypełniała test dzwonek przyszedł robert m otworzyła wujka zna stało film jesteś zamykaj drzwi otwieraj mama tatą klucz miły wujek miał gest test rozwiązał dych dał głaskał tulił puścił film tacie psss ok widząc film bała musiał siłą zdjąć krzycząc płacząc zostaw bił poczym zgwałcił stało film jesteś zamykaj drzwi otwieraj mama tatą klucz tata r ką odwiózł błagał łzy wybacz zapomnę stało film,ich_troje-to_sie_stalo,blok mieszkanie nr mieszkać andżelika kompania stać:v3 praca dzień:s1 matma wypełniały test dzwonek przyjść Robert:s2 metr otworzyć wujko znać:v stać:v3 film być zamykać drzwi otwierać mama tata klucz miły:a wujek mieć gest test rozwiązać dych dać głaskać tulić puścić film tata psss oko:s1 widzieć film bać musieć siła:s zdjąć krzyczeć płakać zostawić bić poczym zgwałcić stać:v3 film być zamykać drzwi otwierać mama tata klucz tata r ki odwieźć błagać łza wybaczyć zapomnieć stać:v3 film
2155,2155,nareszcie wolny siedzę kącie nikt odstępach zwijam skrzydła zdarzeń sprawdzam piękny zachód świt świat pełen wrażeń nieprzespanych nocach parku spędzam dzień zwalają pioruny szczęścia choć zamiast śniegu zimą pada deszcz razem wiesz pierwsza miłość ostatnia ostatnia pierwszą wiesz pierwsza miłość ostatnia naprawdę nikt wie choć niewyraźnie przemykają wokół pamiątki ślady przywidzenia zamkniętą jedną powiek spadła łza spadłam spadła wiesz pierwsza miłość ostatnia ostatnia pierwszą wiesz pierwsza miłość ostatnia naprawdę nikt wie,ich_troje-pierwsza_ostatnia_milosc,nareszcie wolny:a1 siedzieć kąt nikt odstęp zwijać skrzydło zdarzenie sprawdzać piękny zachód świt świat pełny wrażenie przespać noc park spędzać dzień:s1 zwalać:v2 piorun szczęście choć:c zamiast:j śnieg zima padać:v1 deszcz razem wiedzieć pierwszy:a miłość ostatni:a ostatni:a pierwszy:a wiedzieć pierwszy:a miłość ostatni:a naprawdę:i nikt wiedzieć choć:c niewyraźnie:d1 przemykać wokół:d pamiątka ślad przywidzenie zamknięty jeden:a powieka spadły:a1 łza spaść:v1 spadły:a1 wiedzieć pierwszy:a miłość ostatni:a ostatni:a pierwszy:a wiedzieć pierwszy:a miłość ostatni:a naprawdę:i nikt wiedzieć
2156,2156,powietrze zamrożone chłodem skał podchodzisz powoli końca zabijasz patrząc prosto oczy codziennie silisz gest samo nudne początek koniec zrobić raz ciała zaraz sięgać miecz każ czekać każ zdradzać razy powtarzać pozwól noc powracało metalowe ostrze beznamiętnie przebijało setki mijają dzień dniem tysiące takich samych chłodnych nocy pytaj wszystkiemu winien północ minie odnajdę popatrz przychodzę noc okrutne przeznaczenie złączyło kochasz czekasz wciąż chwile wiesz mógł powstrzymać każ czekać każ zdradzać razy powtarzać pozwól noc powracało metalowe ostrze beznamiętnie przebijało,ich_troje-mrok,powietrze zamrozić chłód skała podchodzić powoli koniec zabijać patrzeć prosto oczyć codziennie silić gest sam:a nudny początek koniec zrobić raz:s1 ciało zaraz:d sięgać miecz kijże czekać kijże zdradzać raz:s1 powtarzać pozwolić noc powracać:v1 metalowy ostrze beznamiętnie przebijać setka mijać dzień:s1 dzień:s1 tysiąc:s1 taki:a sam:a chłodny noc pytać wszystko:s winien północ minąć odnaleźć popatrzeć przychodzić noc okrutny przeznaczenie złączyć kochać czekać wciąż chwila wiedzieć móc powstrzymać kijże czekać kijże zdradzać raz:s1 powtarzać pozwolić noc powracać:v1 metalowy ostrze beznamiętnie przebijać
2157,2157,świcie głuszce swym toku wiedzione żądzą cnym obyczajem skrzydłami pleszczą radością oku parzą chciwie hołubią wzajem dzielić chcę miła kochankom świętem wesołem wiedz miłość igry stworzyła jesteśmy społem wiedz miłość igry stworzyła jesteśmy społem boleść spadnie rąk losu ów pogniewa me wdzięczne oko rozproszy snadnie wiater mglisty dym rozwiewa takoż stracę ziarna sieję mej roli którą pacht boga wziąłem wnet owoc luby zaśmieje jesteśmy społem jesteśmy społem księżniczko usłysz coć rzeknę dobie sercem całem twej wierze spocząłem tegoż nadziewam jesteśmy społem tegoż nadziewam jesteśmy społem,ich_troje-gluszce,świt głuszec swój tok wieść:v żądza cny obyczaj skrzydło pleskać radość oko:s1 parzyć:v1 chciwie hołubić wzajem dzielić chcieć miły:a kochankowie święto:s Wesół:s1 wiedza miłość igra stworzyć być społem wiedza miłość igra stworzyć być społem boleść spaść:v1 ręka los ów pogniewać mój:a wdzięczny oko:s1 rozproszyć snadnie Wiater:s1 mglisty dym rozwiewać takoż stracić ziarno siać mój:a rola który pacht bóg wziąć wnet owoc luby:a zaśmiać być społem być społem księżniczka usłyszeć coć rzec:v2 doba serce całem twój:a wiara spocząć tenże nadziewać być społem tenże nadziewać być społem
2158,2158,zostań zaplątałam skrzydła śpiew zostań brzegiem dźwięku tańczyć chcę pozwól zasnę akcie wśród świec chcę budzić półgłosem gniew tato pij pójdź spać zostaw mamę zostaw wyproś gości późno idą chciałabym mieć kiedyś psa bronił chciałabym pójść kiedyś spać ciszy ślepcze poczciwym sercem stań nocy przeprowadzę las założę maskę pozna nikt uśmiech schował mów prawdę bóg tato pij pójdź spać zostaw mamę zostaw wyproś gości późno idą chciałabym mieć kiedyś psa bronił chciałabym pójść kiedyś spać ciszy tato przytul choć raz powiedz kochasz chciałabym pójść kiedyś spać ciszy niszczę świat swój tato osiem kocham,ich_troje-nie_pij_tato,zostać zaplątać skrzydło śpiew zostać brzeg dźwięk tańczyć chcieć pozwolić zasnąć akt:s1 wśród świeca chcieć budzić półgłos gniew tato pić pójść spać zostawić mama zostawić wyprosić gościć późno iść chcieć mieć kiedy:c pies:s1 bronić chcieć pójście kiedy:c spać ciszyć ślepiec:s1 poczciwy serce stań noc przeprowadzić las założyć maska poznać nikt uśmiech schować mowa prawda:s bóg tato pić pójść spać zostawić mama zostawić wyprosić gościć późno iść chcieć mieć kiedy:c pies:s1 bronić chcieć pójście kiedy:c spać ciszyć tato przytulić choć:c raz:s1 powiedzieć kochać chcieć pójście kiedy:c spać ciszyć niszczyć świat swój tato osiem kochać
2159,2159,wiem wiesz wiem kwitniesz więdnę spodziewałeś miły chcieć wiesz wiem wiesz toniesz płynę miłość pomiędzy mniej piękny marynarzu wiem kim jesteś płyniesz zmierzasz piękny marynarzu docelowym czyż port piękny marynarzu kochałeś czułeś chwilę piękny marynarzu wypuszczaj ramion tę noc wiem wiesz wiem płoniesz marznę warto postarać wiesz wiem wiesz stracę zyskam opłaca choć powalczyć szczęście piękny marynarzu każdym porcie szukała miłość piękny marynarzu udawałeś piękny marynarzu proszę sztormy fale ogromne piękny marynarzu oddały twe serce wróć,ich_troje-piekny_marynarzu,wiedzieć wiedzieć wiedzieć kwitnąć więdnąć spodziewać miły:a chcieć wiedzieć wiedzieć wiedzieć tonąć płynąć miłość pomiędzy mało:d piękny marynarz wiedzieć ki być płynąć zmierzać piękny marynarz docelowy czyż:q port piękny marynarz kochać czuć:v chwila piękny marynarz wypuszczać ramię ten noc wiedzieć wiedzieć wiedzieć płonąć marznąć warto postarać wiedzieć wiedzieć wiedzieć stracić zyskać opłacać choć:c powalczyć szczęście piękny marynarz każdy port szukać miłość piękny marynarz udawać piękny marynarz prosić sztorm fala ogromny piękny marynarz oddać twój:a serce wrócić:v1
2160,2160,myślę trzy słowa znam udaję mądrego zachwycam wiem śmieją wciąż ryczą kwiczą non stop drwią przeraża wali oui ne veux pas tekst dorzucam bonjour francuski gest nikt chce wierzyć tata francuzem mama polką obrażam zwisa wierzysz wierzę gdybym uwierzył bym zdał pierwszej klasie siedziałby kolejny tłuk pusty łeb dolać chcą pomoże olej wstrząs bicz dalej wciskał kit kolejny raz nadziałem zapytał plus zamurował dał szans wsio opadło faceta hans choć pot spływał ciurkiem zwisało hmm bajer umiem wciskać wciąż frajer biorą numery pewnego dnia miałem straszny sen złapał przebrany cień pewien zwisa czego chcę końcu zamknęli,ich_troje-mnie_to_wali,myśleć trzy słowo znać:v udawać mądry zachwycać wiedzieć śmieć:v wciąż ryczeć kwiczeć nona stop:s drwić przerażać wały:a oui Księga_Nehemiasza veux pas:s1 tekst dorzucać bonjour francuski:a gest nikt chcieć wierzyć tata francuz:s1 mama polka obrażać zwisać wierzyć wierzyć gdyby:c uwierzyć by:q zdać pierwszy:a klasa siedzieć kolejny tłuk:s1 pusty łeb:s1 dolać chcieć pomóc olej wstrząs bicz daleko wciskać kit kolejny raz:s1 nadziać zapytać plus:s zamurować dać szansa wsio opaść:v1 facet Hans:s2 choć:c pot spływać:v1 ciurek zwisać hmm bajer umieć wciskać wciąż frajer brać:v numer pewny:a1 dzień:s1 mieć straszny sen:s1 złapać przebrany cień pewien zwisać czego chcieć koniec zamknąć
2161,2161,follow heart follow heart follow heart espera need talk you me quema girl you know it´s true candela you´re the for me your love made me believer quisiera another night of love entera wanna have it all candela so come get your love ven toma gasolina pozwól dotknąć choć rąk złożę prośbę spotkał wzrok wbiję twe oczy namiętność chęć dotrę serca chcesz posłuchaj serca miłość tli wyprosi okrutną samotność drzwi obydwa zapłoną zgasi nikt podążaj sercem follow heart follow heart follow heart espera need talk you me quema girl you know it´s true candela you´re the for me your love made me believer quisiera another night of love entera wanna have it all candela so come get your love ven toma gasolina prostu bądź przytul nikt serca kiedyś przestaną bić zostanie miłość wiem śmierć wie czym miłość sercu sercu miłość tli zaufaj chce bić płonie miłość kres dni dzięki wiecznie follow heart and day i’ll confide the way that feel about you side let me be with you now know it’s all right follow heart ‘cause our love is the light follow heart follow heart follow heart follow heart follow heart,ich_troje-follow_my_heart,follow heart follow heart follow heart espera need talk you mój:a quema girl you know it´s true candela you´re the for mój:a your love made mój:a believer quisiera another night of love entera wanna have Ita all candela Księga_Sofoniasza come get your love ven Toma:s2 gasolina pozwolić dotknąć:v1 choć:c ręka złożyć prośba spotkać wzrok wbić twój:a oczyć namiętność chęć dotrzeć serce chcieć posłuchać serce miłość tlić wyprosić okrutny samotność drzwi obydwa zapłonąć:v1 zgasić nikt podążać serce follow heart follow heart follow heart espera need talk you mój:a quema girl you know it´s true candela you´re the for mój:a your love made mój:a believer quisiera another night of love entera wanna have Ita all candela Księga_Sofoniasza come get your love ven Toma:s2 gasolina prosty:a bądź:j przytulić nikt serce kiedy:c przestać:v1 bicie zostać miłość wiedzieć śmierć wiedzieć czy:q miłość serce serce miłość tlić zaufać chcieć bicie płonąć miłość kres dzień:s1 dzięki:s wiecznie follow heart Anda day i:i confide the way that feel about you side let mój:a be:a with you now know Ita all right follow heart ‘ our love IS the light follow heart follow heart follow heart follow heart follow heart
2162,2162,czym diabeł kielich dzwonił kobitek barach miałeś gest wstrzyma rozpędzonych dłoni charakter rozrywkowy amory zszedłeś boczne tory nogi kobiet zwieść dno włos mniej głowy każde live story rozrzutniku miałeś sto eh życie wredne życie recepty brak pozór znakomicie dzień myśleć strach pozór znakomicie dzień myśleć strach cóż właściwie życia miałeś trochę kaca przygody smak dolce vita kinie oglądałeś możliwości brak mówiłem idziesz twoją kartę dań zakradł błąd zamiast nieba masz głową wieko twojej beczki prochem dotknął ląd eh życie wredne życie recepty brak pozór znakomicie dzień myśleć strach pozór znakomicie dzień myśleć strach paląc świeczkę grobie czuję bliskość nadchodzących plag pilnuj zdrowie trawił szlak eh życie wredne życie recepty brak pozór znakomicie dzień myśleć strach pozór znakomicie dzień myśleć strach chwilą żyć wypada widocznie los króla zrobi dziada stąd królów brak los króla zrobi dziada stąd królów brak,ich_troje-samo_zycie,czy:q diabeł kielich:s1 dzwonić kobitka bar:s1 mieć gest wstrzymać rozpędzić dłoń charakter rozrywkowy amory zejść boczny tor noga kobieta zwieść dno włos mało:d głowa każdy live story rozrzutnik:s1 mieć sto eh życie wredny życie recept brak:v pozór znakomicie dzień:s1 myśleć strach:v pozór znakomicie dzień:s1 myśleć strach:v cóż właściwie:d życie mieć trochę:d kac przygoda smak dolec:s vita kinąć oglądać możliwości brak:v mówić iść twój:a karta dań zakraść błąd zamiast:j niebo mieć głowa wieko twój:a beczka proch dotknąć:v1 ląd eh życie wredny życie recept brak:v pozór znakomicie dzień:s1 myśleć strach:v pozór znakomicie dzień:s1 myśleć strach:v palić świeczka grób czuć:v bliskość nadchodzić plaga pilnować zdrowie trawić szlak eh życie wredny życie recept brak:v pozór znakomicie dzień:s1 myśleć strach:v pozór znakomicie dzień:s1 myśleć strach:v chwila życie wypadać:v1 widocznie:d los król:s1 zrobić dziad:s1 stąd król:s2 brak:v los król:s1 zrobić dziad:s1 stąd król:s2 brak:v
2163,2163,mówić miłości zdania często różnią przyznacie chyba najczęściej wiosną pocałunki najpiękniejsze choć miłością chcą rządzić pory namiętność wybiera porę dnia przyznacie chyba najczęściej nocą zmysły stać księżyc gwiazdy śpią mocno dnia wstają wieczorem szukając wśród zakochanych chcą zostać sami zakochanych kochają granic zakochanych potrafią kochać prostu zakochanych sprzed chwili zakochanych miasta łodzi spod gdyni zakochanych pamięci każdej chwili prostu kusi samotność chcąc popełniamy błąd wciąż szukając ideałów brak warto kochać kocha szczęście żyje zakochanych chcą zostać sami zakochanych kochają granic zakochanych potrafią kochać prostu ………… zakochanych chcą zostać sami zakochanych kochają granic zakochanych potrafią kochać prostu zakochanych sprzed chwili zakochanych miasta łodzi spod gdyni zakochanych pamięci każdej chwili prostu x,ich_troje-zakochani,mówić miłość zdanie często różnić przyznać chybać często wiosna pocałunek piękny choć:c miłość chcieć rządzić por:s1 namiętność wybierać pora:s dzień:s1 przyznać chybać często noc zmysł stać:v księżyc gwiazda spać mocno dzień:s1 wstawać wieczor szukać wśród zakochany:a chcieć zostać sam:a zakochany:a kochać granica zakochany:a potrafić:v1 kochać prosty:a zakochany:a sprzed chwila zakochany:a miasto:s łódź spod Gdynia:s1 zakochany:a pamięć każdy chwila prosty:a kusy:a samotność chcieć popełniać błąd wciąż szukać ideał:s1 brak:v warto kochać kochać szczęście żyć zakochany:a chcieć zostać sam:a zakochany:a kochać granica zakochany:a potrafić:v1 kochać prosty:a … zakochany:a chcieć zostać sam:a zakochany:a kochać granica zakochany:a potrafić:v1 kochać prosty:a zakochany:a sprzed chwila zakochany:a miasto:s łódź spod Gdynia:s1 zakochany:a pamięć każdy chwila prosty:a X
2164,2164,drodze napotkany sklep zapukałem zapytałem dostane chleb śnie słowa dostane chce twe słowa zamienione czyn noc szalona kartonach prostych win dziki szał ciał pamięci miał letnia przygoda letnia przygoda letnia przygoda letnia przygoda letnia przygoda letnia przygoda pamiętasz wiem zeszłym sporo ludzi szło widać twoją wieś sklep zaraz zgubię grupę swą jutro rano wcześnie wstanę dogonię śpiewa tłum wznieca kurz częstochowa blisko letnia przygoda letnia przygoda letnia przygoda letnia przygoda letnia przygoda letnia przygoda drzwiach stoisz rok mogę krokiem zrównać krok serce me brzuch opiece święty duch trzy córy syn kiedyś czego utrzymać martwiłbym spoko luz chwalmy letnia przygoda letnia przygoda letnia przygoda letnia przygoda letnia przygoda letnia przygoda,ich_troje-letnia_przygoda,droga napotkać sklep zapukać zapytać dostać:v1 chleb snąć słowo dostać:v1 chcieć twój:a słowo zamienić czyn noc szalony:a karton prosty:a wina dziki:a szał ciało pamięć mieć letni przygoda letni przygoda letni przygoda letni przygoda letni przygoda letni przygoda pamiętać wiedzieć zeszły:a1 sporo:d człowiek iść widać:v twój:a wieś sklep zaraz:d zgubić grupa swój jutro:d rano:d wcześnie wstać dogonić śpiewać tłum wzniecać kurz Częstochowa blisko:d letni przygoda letni przygoda letni przygoda letni przygoda letni przygoda letni przygoda drzwi stać:v3 rok:s1 móc krok zrównać krok serce mój:a brzuch opieka święty:a duch trzy córa syn kiedy:c czego utrzymać martwić spoko:a luz chwalić letni przygoda letni przygoda letni przygoda letni przygoda letni przygoda letni przygoda
2165,2165,pośród cichych drzew pośród niemych niespokojnych mrocznych skał cichutku usiadł usłyszał oddali płacz księżyc rzucił blask ziarnka piasku rozgrzanego ciepłem dnia weź poszybuj wysoko gwiazd wznieś gwiazd hen gwiazd oooooh wznieś poszybuj oooooh poniosą skrzydła oooooh wiatr przegonił chmury gwiazdy wskazywały odnajdziesz polecimy razem usłyszysz moją słodko gorzką pieśń burza rozszalała miejscu płakałam padał deszcz wzbił poszybował wysoko gwiazd wzbił gwiazd hen gwiazd oooooh lepszy świat wzbił ooooooh skrzydłami schował,ich_troje-wznies_mnie,pośród:d cichy drzewo pośród:d niemy:a niespokojny:a1 mroczny skała cichutki usiąść usłyszeć oddać płacz księżyc rzucić blask ziarnko piasek rozgrzać ciepło:s dzień:s1 wziąć poszybować wysoko gwiazda wznieść gwiazda hen gwiazda oooooh wznieść poszybować oooooh ponieść skrzydło oooooh wiatr przegonić chmura gwiazda wskazywać odnaleźć polecieć razem usłyszeć mój:a słodko gorzki pieśń burza rozszalały:a1 miejsce płakać padać:v1 deszcz wzbić poszybować wysoko gwiazda wzbić gwiazda hen gwiazda oooooh dobry:a świat wzbić ooooooh skrzydło schować
2166,2166,year gadaja year gadaja year alleluja year anioly year babski swiat year babski swiat year babski swiat year babski swiat year bledne wojenne rozkazy year bog miloscia year bog miloscia year chcialabym year wielcy year wielcy year wielcy year comming home year comming home year czas year czekanie year czekanie year czern biel year czerwona smycz year cztery piweczka year cztery piweczka year daj siebie year daj siebie year year idziesz polsko year dozywocie polo live year dozywocie polo live year fabienne year fabienne year follow heart year follow heart year follow heart year follow heart year follow heart year geranium year geranium year gra pozorow year grzesze year grzeszysz year guardians of the night year gwalt year gwiazdor year habanera year hejty year homo homini lupus year ide szkle year idiota year intro year chce year jeanny year wiem year kawa lawe year kawa lawe year keine grenzen year keine grenzen year keine grenzen year keine grenzen year keine grenzen year keine grenzen year keine grenzen year keine grenzen year keine grenzen year kobieta kwiat year kobieta kwiat year kochac kobiety year kochac kobiety year kochaj kochaj year kocham panie year kocham panie year kot year krolowa milosci year letnia piosenka niczym waznym year letnia przygoda year letnia przygoda year lek year lek year liebe macht spass year year meska brac year milion serc year milion serc year wali year mrok year year year napromieniowani year mow year pij tato year pij tato year niecierpliwi mysliwi year niewiele chce year niewiele chce year obcy year padol year patison year piekny marynarzu year stronie year pocaluj year pokaz swoja twarz year powiedz year powiedz year powiedz year powiedz year powiedz kochasz year powiedz kochasz year powiedz kochasz year powiedz kochasz year prawo year prawo year prawo year prawo year prawo year razem osobno year razem osobno year requiem year requiem year samo zycie year sklamalem year sklamalem year spadam year susanna year susanna year szarosc dnia year szarosc dnia year szerokosci year tango straconych year taniec year stalo year chwila year oddychac chce year oddychac chce year mokrym plaszczu stoje year walczyk bujaj year walizka year wchodze year play in team year where is the love year wybierz year wybierz year wypijmy year wypijmy year wznies year zabujalem year zakochaj year zakochani year zakochani year zastrzel year zastrzel year zatrzymaj czas year naprzod wstecz year pojde strone year pojde strone year chcialbym year chcialbym year zmyjmy stad year zmyjmy stad,ich_troje-metric,year Gadaj:s1 year Gadaj:s1 year alleluja:s year anioly year babski swiat year babski swiat year babski swiat year babski swiat year bledne wojenny rozkaz year bog miloscia year bog miloscia year chcialabym year wielki:a year wielki:a year wielki:a year comming home year comming home year czas:v year czekan year czekan year Czerna:s3 biel:s1 year czerwony:a smycz year cztery piweczko year cztery piweczko year dać siebie year dać siebie year year iść polsko year dozywocie polo live year dozywocie polo live year fabienne year fabienne year follow heart year follow heart year follow heart year follow heart year follow heart year geranium year geranium year gra pozorow year grzesze year grzeszyć year guardians of the night year gwalt year gwiazdor year habanera year hejt:s year homo homini Lupus year IDE szkło year idiota year intro year chcieć year jeanny year wiedzieć year kawa lawe year kawa lawe year keine grenzen year keine grenzen year keine grenzen year keine grenzen year keine grenzen year keine grenzen year keine grenzen year keine grenzen year keine grenzen year kobieta kwiat year kobieta kwiat year kochac kobieta year kochac kobieta year kochać kochać year kochać pani year kochać pani year kot:s1 year krolowa milosci year letni piosenka nic waznym year letni przygoda year letni przygoda year lek:s1 year lek:s1 year liebe macht spass year year Mesek:s1 brac year milion:s serce year milion:s serce year wały:a year mrok year year year napromieniować year mow year pić tato year pić tato year niecierpliwy:a1 mysliwi year niewiele:d chcieć year niewiele:d chcieć year obcy:a year padol year patison year piekny marynarz year strona year pocaluj year pokaz swój twarz year powiedzieć year powiedzieć year powiedzieć year powiedzieć year powiedzieć kochać year powiedzieć kochać year powiedzieć kochać year powiedzieć kochać year prawo:d1 year prawo:d1 year prawo:d1 year prawo:d1 year prawo:d1 year razem osobno year razem osobno year requiem year requiem year sam:a Zyta year sklamalem year sklamalem year spadać year susanna year susanna year szarosc dzień:s1 year szarosc dzień:s1 year szerokosci year tango stracony:a year taniec year Stala:s2 year chwila year oddychac chcieć year oddychac chcieć year mokry plaszczu Stój:s2 year walczyk bujać year walizka year wchodze year play in team year where IS the love year wybrać year wybrać year wypić year wypić year wznies year zabujalem year zakochać year zakochany:a year zakochany:a year zastrzelić year zastrzelić year zatrzymać czas:v year naprzod wstecz year pojde strone year pojde strone year chcialbym year chcialbym year zmyć stado year zmyć stado
2167,2167,setz dich hier mein kind keiner weiβ dir die zukunft bringt doch dass menschen irgendwann versteh’n das ist mein traum komm sag mir gut’ nacht hoff dass die sonne neu erwacht und dass wir noch viele morgen seh’n das ist mein traum hände so klein zerbrechlich und zart noch früh genug macht das leben dich hart doch lass dein herz auch dann ganz weit auf das ist mein traum augen so hell so unschuldig rein noch früh genug wird ein blick müde sein und nicht enttäuscht hör nicht auf zu verzeih’n das ist mein traum schlaf jetzt ein mein kind weisse fahnen weh’n abendwind du wirst niemals ohne liebe sein das ist mein traum das ist mein traum und es kann nicht sein nein es kann nicht sein dass ihn träum allein und bist du mal groß dann erzähl deinem kind von meinem traum,ich_troje-das_ist_mein_traum,setz dich hier mein kind keiner weiβ dir die zukunft bringt doch dass menschen irgendwann versteh das ist mein trauma komm saga mir Gut:s2 nacht Hoff:s2 dass die sonne neu erwacht Undy dass wir Noch:s1 viele morgen seh das ist mein trauma hände Księga_Sofoniasza kleina zerbrechlich Undy zart Noch:s1 früh genug macht das leben dich hart doch lasso dein herz auch dann ganz weit auf das ist mein trauma augen Księga_Sofoniasza hell Księga_Sofoniasza unschuldig rein Noch:s1 früh genug wird ein blick müde sein Undy nicht enttäuscht hör nicht auf zu verzeih das ist mein trauma schlaf jetzt ein mein kind weisse fahnen weh abendwind du wirst niemals ohne liebe sein das ist mein trauma das ist mein trauma Undy es:s1 kanna nicht sein nein es:s1 kanna nicht sein dass ihn träum allein Undy bist du Księga_Malachiasza groß dann erzähl deinem kind von meinem trauma
2168,2168,you belive me when say your love is taking me away everyday cause know nothing s forever but we’ll stay together and arms are open wide x cause play in team play together reaching the sky cause play in team us forever we’re flying up so high play in team ii always want you side cause you make me feel alright just make me tight cause know nothing s forever but we’ll stay together and arms are open wide x cause play in team play together reaching the sky cause play in team us forever we’re flying up so high play in team play in team play in team play together everybody plays play together stand up stand up everybody is flying play in team x cause play in team play together reaching the sky cause play in team us forever we’re flying out so high play in team,ich_troje-we_play_in_team,you belive mój:a when say your love IS taking mój:a away everyday cause know nothing sekunda forever but w stay together Anda arms are open wide X cause play in team play together reaching the sky cause play in team US forever w flying up Księga_Sofoniasza high play in team ii always wanta you side cause you make mój:a feel alright Just:s2 make mój:a tight cause know nothing sekunda forever but w stay together Anda arms are open wide X cause play in team play together reaching the sky cause play in team US forever w flying up Księga_Sofoniasza high play in team play in team play in team play together everybody plays play together stand up stand up everybody IS flying play in team X cause play in team play together reaching the sky cause play in team US forever w flying out Księga_Sofoniasza high play in team
2169,2169,bierze złość żądna wciąż przelewu krwi zapomniałeś czym wstyd wygoisz ran skryjesz blizn skrywam sercu wielki żal dyskretnie raz raz patrząc oczy puszczam dym przesłonić twoją wciąż niewierną twarz chodzę szkle szkło wbija umarła chęć pożądania zrani zabije zyska czas przypominam wiesz niewiele padło słów prosto serce wynoś zabolało wciąż boli cóż kochać tęsknić pragnąć cofnąć czas kiedyś dostać twarz poczuć twoją dłoń ocierasz łzy chodzę szkle szkło wbija umarła chęć pożądania zrani zabije zyska czas szkło razem końca tyle daj,ich_troje-ide_po_szkle,brać:v złość żądny wciąż przelew krew zapomnieć czy:q wstyd:v wygoić rana skryć blizna skrywać serce wielki:a żal:v dyskretnie raz:s1 raz:s1 patrzeć oczyć puszczać dym przesłonić twój:a wciąż niewierny:a1 twarz chodzić szkło szkło wbijać umarły:a chęć pożądanie zranić zabić zyskać czas:v przypominać wiedzieć niewiele:d paść:v1 słowo prosto serce wynosić:v1 zaboleć wciąż boleć:v2 cóż kochać tęsknić pragnąć cofnąć czas:v kiedy:c dostać:v1 twarz poczucie twój:a dłoń ocierać łza chodzić szkło szkło wbijać umarły:a chęć pożądanie zranić zabić zyskać czas:v szkło razem koniec tyli dać
2170,2170,nieważne błądzisz drogę swą odnaleźć chce pewnie rozsądek mapą choć przejmujesz zbaczasz choć celu musisz dązyć życie rządzić chce cóż trzymaj wciąz prawej strony dotrzesz choć noie pamiętasz kim jesteś kim człowiek człowiekiem wiesz niczym kim ludzi chcesz wiesz przewodnika wybierz kim wskaże drogę wiesz nadzieja szczęście miewa pomyśl chcesz szczęście niewiadomie da szansę wskaże drogę dotrzesz miłosć lubi obrażać wybierając uwazaj abyś zapomniał kim jesteś kim człowiek człowiekiem,ich_troje-kim_jest_czlowiek_jesli_nie_czlowiekiem_tylko,nieważny błądzić droga swój odnaleźć chcieć pewnie:d1 rozsądek mapa choć:c przejmować zbaczać choć:c cel musieć dązyć życie rządzić chcieć cóż trzymać wciąz prawy:a1 strona dotrzeć choć:c noie pamiętać ki być ki człowiek człowiek wiedzieć nic ki człowiek chcieć wiedzieć przewodnik:s1 wybrać ki wskazać droga wiedzieć nadzieja szczęście miewać pomyśleć chcieć szczęście niewiadomie dać szansa wskazać droga dotrzeć miłosć luby:a obrażać wybierać uwazaj aby:c zapomnieć ki być ki człowiek człowiek
2171,2171,miałaś niewinną twarz piętnaście obcy kraj obce miasto pamiętam oczu niebieskich leciały łzy pamiętam dzień minuty zmieniły me życie wiesz pocałunek siebie skuł drzwi zapukała nienawiść prawej ręce ściskała złość mogło zdarzyć mogło trafić mogło trafić czas kłótnie wiesz zadajesz ból okrutnie wyrwać stąd swój żal rzucić kąt serce wbijasz cierń podpalasz słów sens wyciągam dłoń mogłem wiesz zapomnijmy drzwi zapukała nienawiść prawej ręce ściskała złość mogło zdarzyć mogło trafić mogło trafić oddać most zburzony gruz chcę słyszeć twych słów mówiących wróć powstrzymać tę burzę chcę poświęcać snów błagam każ odejść choć skrzywdzi nikt wiesz dom dom zamieni schron drzwi zapukała nienawiść prawej ręce ściskała złość mogło zdarzyć mogło trafić drzwi zapukała nienawiść prawej ręce ściskała złość mogło zdarzyć mogło trafić mogło trafić mogło trafić,ich_troje-nienawisc,mieć niewinny:a1 twarz piętnaście obcy:a kraj obcy:a miasto:s pamiętać oko:s2 niebieski lecieć łza pamiętać dzień:s1 minuta zmienić mój:a życie wiedzieć pocałunek siebie skuć drzwi zapukać nienawiść prawy:a1 ręka ściskać złość móc zdarzyć:v1 móc trafić móc trafić czas:v kłótnia wiedzieć zadawać ból okrutnie wyrwać stąd swój żal:v rzucić kąt serce wbijać cierń podpalać słowo sens wyciągać dłoń móc wiedzieć zapomnieć drzwi zapukać nienawiść prawy:a1 ręka ściskać złość móc zdarzyć:v1 móc trafić móc trafić oddać most zburzyć gruz chcieć słyszeć twój:a słowo mówiący wrócić:v1 powstrzymać ten burza chcieć poświęcać sen:s1 błagać kijże odejście choć:c skrzywdzić nikt wiedzieć dom dom zamienić schron drzwi zapukać nienawiść prawy:a1 ręka ściskać złość móc zdarzyć:v1 móc trafić drzwi zapukać nienawiść prawy:a1 ręka ściskać złość móc zdarzyć:v1 móc trafić móc trafić móc trafić
2172,2172,stara miłość wina smak romans łódź huczała express grzmiał rossie gwiazda hotelu grand ksawery piotrkowskiej grał tę naszą rossie rossie słodką rossie poznać chciał łodzi rossie śliczna rossie chciał ksawery miał miał prezentach słał życie oddałby jedną noc zaczął pić potem stracił job mógł wybełkotać stop kochał rossie rossie słodką rossie chciał mieć łodzi rossie śliczna rossie mogła znieść wypił setek chyba pięć rossie towarzystwie drzwiach jadę rzekła moulin rouge angaż paryż ciao au revoir rzekła łodzi rossie słodka rossie stać panowie łodzi rossie rossie śliczną rossie wierny łodzi rossie rossie słodka rossie rossie chciał poznać chciał zostawiaj tę naszą łodzi rossie śliczną rossie rossie tez łodzi ciao au revoir cudowna rossie rossie słodka rossie porzucasz grand zostań łodzi rossie śliczna rossie paryż wart,ich_troje-rossie_z_lodzi,stary:a miłość wina smak romans łódź huczeć Express grzmieć Ross:s2 gwiazda hotel grand Ksawery:s2 piotrkowski grać ten nasz Ross:s2 Ross:s2 słodki Ross:s2 poznać chcieć łódź Ross:s2 śliczny Ross:s2 chcieć Ksawery:s2 mieć mieć prezenta słać:v1 życie oddać jeden:a noc zacząć picie potem stracić Księga_Joba móc wybełkotać stop:s kochać Ross:s2 Ross:s2 słodki Ross:s2 chcieć mieć łódź Ross:s2 śliczny Ross:s2 móc znieść wypić setka chybać pięć Ross:s2 towarzystwo drzwi jechać rzec:v1 moulin rouge angaż Paryż:s1 ciao au revoir rzec:v1 łódź Ross:s2 słodki Ross:s2 stać:v pan łódź Ross:s2 Ross:s2 śliczny Ross:s2 wierny:a łódź Ross:s2 Ross:s2 słodki Ross:s2 Ross:s2 chcieć poznać chcieć zostawiać ten nasz łódź Ross:s2 śliczny Ross:s2 Ross:s2 teza łódź ciao au revoir cudowny Ross:s2 Ross:s2 słodki Ross:s2 porzucać:v2 grand zostać łódź Ross:s2 śliczny Ross:s2 Paryż:s1 wart:a
2173,2173,patrząc trzymasz dłoń przeczuwam czego możesz chcieć razem przypuszczam słowa kochasz kocham stało wiesz zapomniałam dni nieprzemyślanych słów chwil zatrzymany biegu wiatr niebo wśród nocy gwiazd liść wody beze znaczysz siebie jesteś kim chciałem znikąd donikąd wciąż przeganiasz sny ściskam swej dłoni twoją dłoń pamiętam budziła wieczorami kładła spać cóż kochasz kocham zatrzymany kiedyś odnajdziemy wiesz chyba wierzysz zatrzymany,ich_troje-razem_a_jednak_osobno,patrzeć trzymać dłoń przeczuwać:v1 czego móc chcieć razem przypuszczać słowo kochać kochać stać:v3 wiedzieć zapomnieć dzień:s1 przemyślać słowo chwila zatrzymany:a bieg wiatr niebo wśród noc gwiazda liść woda bez:p znaczyć siebie być ki chcieć znikąd donikąd wciąż przeganiać sen:s1 ściskać swój dłoń twój:a dłoń pamiętać budzić wieczor kładnąć spać cóż kochać kochać zatrzymany:a kiedy:c odnaleźć wiedzieć chybać wierzyć zatrzymany:a
2174,2174,stało – odstanie spałaś cóż wiedzieć wolę mniej zapomnij… mówmy nim… proszę wracaj zostaw – minął żal wczoraj byłem mieście kupiłem szal rozpakuj przestań taką przestań końcu zmuszać chcę wiedzieć interesuje ogóle zamilcz proszę skłam – wolę najgorsza prawda lepsza jest… skłam – boli mniej nieprawda lżej… – kocham kochasz chcesz wiemy jest… skłam proszę skłam długo żyć czego oczy ujrzały wiesz jutro sercu żal uszanuj chcę wiedzieć czego oczekujesz powiedzieć chcesz rozejść mówiąc prawdę wolę byś mówiła skłam – wolę najgorsza prawda lepsza jest… skłam – boli mniej nieprawda lżej… – kocham kochasz chcesz wiemy jest… skłam proszę skłam długo żyć skłam – wolę skłam – boli mniej skłam – wolę najgorsza prawda lepsza jest… skłam – boli mniej nieprawda lżej… – kocham kochasz chcesz wiemy jest… skłam proszę skłam długo żyć,ich_troje-sklamalem,stać:v3 – odstać:v1 spać cóż wiedzieć woleć mało:d zapomnieć mówić nim prosić wracać:v1 zostawić – minąć żal:v wczoraj:d być miesić kupić:v1 szal rozpakować przestać:v1 taki:a przestać:v1 koniec zmuszać chcieć wiedzieć interesować ogół zamilczeć prosić skłamać – woleć zły:a prawda:s dobry:a być skłamać – boleć:v2 mało:d nieprawda lekce – kochać kochać chcieć wiedzieć być skłamać prosić skłamać długo życie czego oczyć ujrzeć wiedzieć jutro:d serce żal:v uszanować chcieć wiedzieć czego oczekiwać powiedzieć chcieć rozejść mówić prawda:s woleć by:q mówić skłamać – woleć zły:a prawda:s dobry:a być skłamać – boleć:v2 mało:d nieprawda lekce – kochać kochać chcieć wiedzieć być skłamać prosić skłamać długo życie skłamać – woleć skłamać – boleć:v2 mało:d skłamać – woleć zły:a prawda:s dobry:a być skłamać – boleć:v2 mało:d nieprawda lekce – kochać kochać chcieć wiedzieć być skłamać prosić skłamać długo życie
2175,2175,cienkiej linie idę świat myślę gołym polu trafiam często głową mur winien winien końcu udowodni dosyć pytam czego poszli stąd dosyć wara wiara idźcie stąd czym wzbudzam waszą absurdalną złość ataków dom gadajcie walcie plujcie prosto twarz zgwałciłem okradłem żal dosyć pytam czego poszli stąd kurde czego wara wiara idźcie stąd kurde czego pytam czego poszli stąd kurde czego wara wiara idźcie stąd,ich_troje-mam_juz_dosc,cienki linia iść świat myśleć goły pole trafiać często głowa mur winien winien koniec udowodnić dosyć:v pytać czego pójść stąd dosyć:v wara wiara iść stąd czy:q wzbudzać wasz absurdalny złość atak dom gadać walić pluć prosto twarz zgwałcić okraść żal:v dosyć:v pytać czego pójść stąd kurde czego wara wiara iść stąd kurde czego pytać czego pójść stąd kurde czego wara wiara iść stąd
2176,2176,chcesz polować ludzi rozpoznać wrogiem potyczki ciemnościach piekłem nieba progiem chcesz walczyć końca światłość dna strzały zatrute krwawią krwawią zostaliśmy sami niecierpliwi myśliwi szansy kraju serca kamienia chcieliśmy odnaleźć własną drogę raju chcieliśmy odnaleźć własną drogę raju chcę wiedzieć chcemy zniszczyć wspólnie skamleć błagać zobaczyć trumnie wreszcie zrozumiesz litość zło wybaczać rzecz boska miłość miłość zło zostaliśmy sami niecierpliwi myśliwi szansy kraju serca kamienia chcieliśmy odnaleźć własną drogę raju chcieliśmy odnaleźć własną drogę raju,ich_troje-niecierpliwi_mysliwi,chcieć polować człowiek rozpoznać wróg potyczka ciemność piec:v niebo próg chcieć walczyć koniec światłość dna strzał zatruć krwawić krwawić zostać sam:a niecierpliwy:a1 myśliwy:a szansa kraj serce kamień chcieć odnaleźć własny droga raj chcieć odnaleźć własny droga raj chcieć wiedzieć chcieć zniszczyć wspólnie skamleć błagać zobaczyć trumna wreszcie zrozumieć litość zło wybaczać:v1 rzecz boski miłość miłość zło zostać sam:a niecierpliwy:a1 myśliwy:a szansa kraj serce kamień chcieć odnaleźć własny droga raj chcieć odnaleźć własny droga raj
2177,2177,odrzuciwszy smętność ziemskich kajdanów tańczę niebiosach skrzydeł srebrnych radości wspiąłem słońcu nieokrzesaną wesołość chmur podzielonych światłem oddawaniem tysiącom rzeczy nikt śnił pętlach wzlotach wstęgach ciszą umysłu niesiony przemierzałem nieskalaną świętość przestrzeni uniosłem dłoń moją dotknąłem oblicza boga bóg chciał stało choć żal serce rwie nadał kurs nieba pewnie chciał potrzebował powiedz zachmurzonym niebem szukamy ptaków powracających gniazd oddajmy bogu ręce tę czarną wstęgę chce panie nikt smućmy mówmy żegnaj widzenia będziemy zabrałeś zabierz wzbić gwiazd tańczyć wśród chmur umierać narodzić będziemy trwać pytamy musicie odchodzić zachmurzonym niebem wciąż szukam ptaków chcących powrócić gniazd oddajmy bogu ręce tę czarną wstęgę chce panie nikt smućmy mówmy żegnaj miłego będziemy nieba bram przyjdzie czas aeroplan najpiękniejszy ptak biały leci otchłań chmur szarzyznę skrzydła szarańcza orzeł śmiały oczy serce mężczyzny,ich_troje-requiem,odrzucić smętność ziemski kajdany tańczyć niebiosa skrzydło srebrny radość wspiąć słońce okrzesać wesołość chmura podzielić światło:s oddawać tysiąc:s1 rzecz nikt śnić pętla wzlot wstęga ciszyć umysł nieść przemierzać nieskalany świętość przestrzenić unieść dłoń mój:a dotknąć:v1 obliczać bóg bóg chcieć stać:v3 choć:c żal:v serce rwa nadać kurs niebo pewnie:d1 chcieć potrzebować powiedzieć zachmurzyć niebo szukać ptak powracać:v2 gniazdo oddać bóg ręka ten czarny:a wstęga chcieć pani nikt smucić mówić żegnać:v1 widzenie być zabrać zabrać wzbić gwiazda tańczyć wśród chmura umierać narodzić być trwać pytać musieć odchodzić zachmurzyć niebo wciąż szukać ptak chcący powrócić gniazdo oddać bóg ręka ten czarny:a wstęga chcieć pani nikt smucić mówić żegnać:v1 miły:a być niebo bram przyjść czas:v aeroplan piękny ptak biały:a lecieć otchłań chmura szarzyzna skrzydło szarańcza orzeł:s1 śmiały oczyć serce mężczyzna
2178,2178,wiem iść chce powiedzieć nikt którą stronę pierwszy krok mija miesiąc mija rok oczy zalał deszcz zimą przysypał śnieg miłość jedyny cel twe pragnienie obca twoich snów leżysz zimna rozstajach dróg dnie krzyk płacz serce drży śnie opuścili nikt zrozumiałaś choć raz przyjdź kochasz nikt obca moich snów choćbyś chciał znajdziesz wiary pragniesz mówcie skrzywdzi nikt miłość jedyny cel twe pragnienie obca twoich snów,ich_troje-obcy,wiedzieć iścić chcieć powiedzieć nikt który strona pierwszy:a krok mijać miesiąc mijać rok:s1 oczyć zalać deszcz zima przysypać śnieg miłość jedyny:a cel twój:a pragnienie obcy:a twój:a sen:s1 leżeć zimny rozstaj droga dna krzyk płacz serce drżeć snąć opuścić nikt zrozumieć choć:c raz:s1 przyjść kochać nikt obcy:a mój:a sen:s1 choćby:c chcieć znajść wiara pragnąć mówić skrzywdzić nikt miłość jedyny:a cel twój:a pragnienie obcy:a twój:a sen:s1
2179,2179,ubierasz odwracasz twarz zbędnych słów zimny drań chore wiem inaczej zimny drań warto poświęcić noc dzień papieros tuż szampan tuż pocałunek tę noc stosunek dzień papieros tuż szampan tuż wiesz gra kiedyś powiesz wypijmy wychodzisz szepczesz pa pa zadzwonić chcesz dzień choć zimny drań warto poświęcić noc dzień choć zimny drań wylot znam zgadzam papieros tuż przyjdzie kiedyś powie kocha takiej jaką pragnął chciał dni noce zostaniesz siebie będziesz miał kochał napij misiu papieros tuż szampan tuż pocałunek tę noc stosunek dzień papieros tuż szampan tuż wiesz gra kiedyś powiem adieu,ich_troje-wypijmy_za_to,ubierać odwracać twarz zbędny słowo zimny drań chory:a wiedzieć inaczej:d zimny drań warto poświęcić noc dzień:s1 papieros tuż:d szampan tuż:d pocałunek ten noc stosunek dzień:s1 papieros tuż:d szampan tuż:d wiedzieć gra kiedy:c powiedzieć wypić wychodzić:v2 szeptać pa pa zadzwonić chcieć dzień:s1 choć:c zimny drań warto poświęcić noc dzień:s1 choć:c zimny drań wylot znać:v zgadzać papieros tuż:d przyjść kiedy:c powiedzieć kochać taki:a jaki pragnąć chcieć dzień:s1 noc zostać siebie być mieć kochać napić misio papieros tuż:d szampan tuż:d pocałunek ten noc stosunek dzień:s1 papieros tuż:d szampan tuż:d wiedzieć gra kiedy:c powiedzieć adieu
2180,2180,byłaś strapieniem znasz chciałem odchodzić wiem chcesz choć serce krwawi wiem mniej żegnaj zapomnij żyłem zapomnij zapomnij straciłem spadł deszcz wart łzy zapomnij fakt zapomnij zabrakło czegoś obce dzikość warg bliskości dnia szczęśliwszą będziesz pójdę choć chcę choć serce krwawi wiem mniej żegnaj zapomnij żyłem zapomnij zapomnij straciłem spadł deszcz wart łzy zapomnij fakt zapomnij,ich_troje-zapomnij_mnie,być strapienie znać:v chcieć odchodzić wiedzieć chcieć choć:c serce krwawy wiedzieć mało:d żegnać:v1 zapomnieć żyć zapomnieć zapomnieć stracić spaść:v1 deszcz wart:a łza zapomnieć fakt zapomnieć zabraknąć co:s obcy:a dzikość warga bliskość dzień:s1 szczęśliwy być pójść choć:c chcieć choć:c serce krwawy wiedzieć mało:d żegnać:v1 zapomnieć żyć zapomnieć zapomnieć stracić spaść:v1 deszcz wart:a łza zapomnieć fakt zapomnieć
2181,2181,zazdrości sen przerasta rzeczywistość mieni przesiąknięta szczęściem przyszłość zakurzona doznaniami chcesz pamiętać tracisz wiarę dziewicza niepojęta chce uderzyć chce wbić całych sił stoisz dziwiąc przynosi perfekcyjna miłość kocham chcę daj ponieść fali daj ponieść niebezpieczna miłość myśl przeżyj dzieli łączy zostańmy dłonie dotykają łez sól została dnie oczy widzą innego uszy chcą słyszeć została liczyła prostych dni najwierniejsza pozostały tuż rogiem stoi prosi chciałaby trwać wierzy wierzy dbać perfekcyjna miłość kocham chcę daj ponieść fali daj ponieść niebezpieczna miłość myśl przeżyj dzieli łączy zostańmy chcę przepaścią stać kochaj kochaj potrzebujesz czasu masz kochaj kochaj chcę przepaścią stać kochaj kochaj kochaj kochaj perfekcyjna miłość perfekcyjna miłość kocham chcę daj ponieść fali daj ponieść niebezpieczna miłość myśl przeżyj dzieli łączy zostańmy perfekcyjna miłość daj ponieść niebezpieczna miłość kocham chcę perfekcyjna miłość,ich_troje-perfekcyjna_milosc,zazdrościć sen:s1 przerastać rzeczywistość mienić:v1 przesiąknąć szczęście przyszłość zakurzyć doznanie chcieć pamiętać tracić wiara dziewiczy pojąć chcieć uderzyć chcieć wbić cały siła:s stać:v3 dziwić przynosić perfekcyjny miłość kochać chcieć dać ponieść fala dać ponieść niebezpieczny miłość myśl przeżyć dzielić łączyć zostać dłoń dotykać:v1 łza sól zostać dna oczyć widzieć inny:a ucho:s2 chcieć słyszeć zostać liczyć prosty:a dzień:s1 wierny:a pozostały:a1 tuż:d róg stoa prosić chcieć trwać wierzyć wierzyć dbać perfekcyjny miłość kochać chcieć dać ponieść fala dać ponieść niebezpieczny miłość myśl przeżyć dzielić łączyć zostać chcieć przepaść:s stać:v kochać kochać potrzebować czas:s mieć kochać kochać chcieć przepaść:s stać:v kochać kochać kochać kochać perfekcyjny miłość perfekcyjny miłość kochać chcieć dać ponieść fala dać ponieść niebezpieczny miłość myśl przeżyć dzielić łączyć zostać perfekcyjny miłość dać ponieść niebezpieczny miłość kochać chcieć perfekcyjny miłość
2182,2182,życie zbyt krótko trwa przemyślenia czasu brak przejmuj nadejdzie czas złapiesz kija ryja ryja słońce zgaśnie wzejdzie mrok ostateczny dzień oko oko ząb ząb napierdalać wódę chlać hej idzie dąbrowa obudź zabawy nadszedł czas hej idzie dąbrowa cel umknie oczu pełen niepokoju scenariuszu pełnym gnoju dno przyciąga nadchodzi czas łapiesz kija ryja ryja zrozumiesz choć naprawdę chcesz oko oko ząb ząb wrogów zostanie cień hej idzie dąbrowa obudź zabawy nadszedł czas hej idzie dąbrowa cel umknie oczu słońce zgaśnie wzejdzie mrok ostateczny dzień oko oko ząb ząb napierdalać wódę chlać hej idzie dąbrowa obudź zabawy nadszedł czas hej idzie dąbrowa cel umknie oczu,ich_troje-dabrowa,życie zbyt:s krótko trwać przemyślenie czas:s brak:v przejmować nadejść czas:v złapać kij ryj ryj słońce zgasnąć wzejść mrok ostateczny dzień:s1 oko:s1 oko:s1 ząb ząb napierdalać wóda chlać hej id dąbrowa obudzić zabawa nadejść czas:v hej id dąbrowa cel umknąć oko:s2 pełny niepokój scenariusz pełny gnój:s1 dno przyciągać nadchodzić czas:v łapać kij ryj ryj zrozumieć choć:c naprawdę:i chcieć oko:s1 oko:s1 ząb ząb wróg zostać cień hej id dąbrowa obudzić zabawa nadejść czas:v hej id dąbrowa cel umknąć oko:s2 słońce zgasnąć wzejść mrok ostateczny dzień:s1 oko:s1 oko:s1 ząb ząb napierdalać wóda chlać hej id dąbrowa obudzić zabawa nadejść czas:v hej id dąbrowa cel umknąć oko:s2
2183,2183,jeanny comming home jeanny yeah you have be alone jeanny jeanny comming home girl yeah yeah yeah know this life is stuff never nounce girl jeanny comming home girl let me fade away it will gone your way say yeah yeah yeah you want coming home yeah yaeh you don t have be alone yeah yaeh don t give up your life is stuff you find something love will come your way you want coming home yeah yaeh you don t have be alone yeah yaeh don t give up your life is stuff you find something love will come your way jeanny jeanny comming home girl yeah yeah yeah know this life is stuff never nounce girl yeah yeah jeanny jeanny seven years ago dzień wieczność miłość pierwszego spojrzenia oczy definitywny brak logiki razem świat przeciwko skazaliście skazaliście siebie zarazem chyba koniec jeanny coming home m coming home let me show you who am let me show you m your man would give anything just see you again coming home m coming home let me show you that care let me show you that share would give anything see jeanny again coming home ej zmieniłaś zmieniliśmy siła woli zmieniła bezpieka emocjami silniejszymi wariacji raz śmierci wyższość władzy szczerością dziecko bądź wdzięczna skarbie wracam domu coming home m coming home let me show you who am let me show you m your man would give anything just see you again coming home m coming home let me show you that care let me show you that share would give anything see jeanny again coming home home kim facet twarzy kochający inaczej chce kim kobieta sumienia kochająca pragnąca inności naprawdę wygląda ludzkie zachowanie coming home yeah he s coming home she s never never die never never fade away coming home yeah he s coming home she s never never die never never fade away coming home yeah he s coming home she s never never die never never fade away coming home yeah he s coming home she s never never die never fade away coming home m coming home let me show you who am let me show you m your man would give anything just see you again coming home m coming home let me show you that care let me show you that share would give anything see jeanny again coming home m coming home let me show you who am let me show you m your man would give anything just see you again coming home m coming home let me show you that care let me show you that share would give anything see jeanny again coming home,ich_troje-comming_home,jeanny comming home jeanny yeah you have be:a alone jeanny jeanny comming home girl yeah yeah yeah know this life IS stuff never nounce girl jeanny comming home girl let mój:a fade away Ita willa gone your way say yeah yeah yeah you wanta coming home yeah yaeh you don:b1 tona have be:a alone yeah yaeh don:b1 tona give up your life IS stuff you find something love willa come your way you wanta coming home yeah yaeh you don:b1 tona have be:a alone yeah yaeh don:b1 tona give up your life IS stuff you find something love willa come your way jeanny jeanny comming home girl yeah yeah yeah know this life IS stuff never nounce girl yeah yeah jeanny jeanny seven years aga:s1 dzień:s1 wieczność miłość pierwszy:a spojrzenie oczyć definitywny brak:v logika razem świat przeciwko skazać skazać siebie zarazem chybać koniec jeanny coming home metr coming home let mój:a show you WHO Księga_Amosa let mój:a show you metr your man would give anything Just:s2 see you again coming home metr coming home let mój:a show you that care let mój:a show you that share would give anything see jeanny again coming home ej zmienić zmienić siła:d woli zmienić bezpieka emocja silny wariacja raz:s1 śmierć wyższość władza szczerość dziecko bądź:j wdzięczny skarb wracać:v1 dom coming home metr coming home let mój:a show you WHO Księga_Amosa let mój:a show you metr your man would give anything Just:s2 see you again coming home metr coming home let mój:a show you that care let mój:a show you that share would give anything see jeanny again coming home home ki facet twarz kochający inaczej:d chcieć ki kobieta sumienie kochający pragnący:a inność naprawdę:i wyglądać:v1 ludzki zachowanie coming home yeah he sekunda coming home she sekunda never never die never never fade away coming home yeah he sekunda coming home she sekunda never never die never never fade away coming home yeah he sekunda coming home she sekunda never never die never never fade away coming home yeah he sekunda coming home she sekunda never never die never fade away coming home metr coming home let mój:a show you WHO Księga_Amosa let mój:a show you metr your man would give anything Just:s2 see you again coming home metr coming home let mój:a show you that care let mój:a show you that share would give anything see jeanny again coming home metr coming home let mój:a show you WHO Księga_Amosa let mój:a show you metr your man would give anything Just:s2 see you again coming home metr coming home let mój:a show you that care let mój:a show you that share would give anything see jeanny again coming home
2184,2184,czuję zbyt chce spać myśli bezsensowne pchają świat wyłączam telewizor podnoszę łóżka zad radio kuchni zerka mówi hej łam jack lodówce chłodzi stoi jaś jasiem będziemy grać przyjdą świnki trzy nalejemy hej przejmuj wódka chłodzi hej łam jack lodówce chłodzi stoi jaś jasiem będziemy grać przyjdą świnki trzy nalejemy hej przejmuj wódka chłodzi trochę lepiej trochę lżej paliwa dolewamy smutków coraz mniej straszne rogi byka brać pije chuj kurwa mać hej łam jack lodówce chłodzi stoi jaś jasiem będziemy grać przyjdą świnki trzy nalejemy hej przejmuj wódka chłodzi hej łam jack lodówce chłodzi stoi jaś jasiem będziemy grać przyjdą świnki trzy nalejemy hej przejmuj wódka chłodzi czuję mogę spać rano boli lekki kac sypialni telewizor cichutko żonie gra przytulam kuchni radio gada hej łam jack lodówce chłodzi stoi jaś jasiem będziemy grać przyjdą świnki trzy nalejemy hej przejmuj wódka chłodzi hej łam jack lodówce chłodzi stoi jaś jasiem będziemy grać przyjdą świnki trzy nalejemy hej przejmuj wódka chłodzi hej łam jack lodówce chłodzi stoi jaś jasiem będziemy grać przyjdą świnki trzy nalejemy hej przejmuj wódka chłodzi hej łam jack lodówce chłodzi stoi jaś jasiem będziemy grać przyjdą świnki trzy nalejemy hej przejmuj wódka chłodzi,ich_troje-hejty,czuć:v zbyt:s chcieć spać myślić bezsensowny pchać świat wyłączać telewizor podnosić łóżko zad radio kuchnia:s zerkać mówić hej łam Jack lodówka chłodzić stoa jaś jaś być grać przyjść świnka trzy nalać hej przejmować wódka chłodzić hej łam Jack lodówka chłodzić stoa jaś jaś być grać przyjść świnka trzy nalać hej przejmować wódka chłodzić trochę:d dobrze trochę:d lekce paliwo dolewać smutki coraz mało:d straszny róg byk brać:s pić chuj:s1 kurwa:s mać:s hej łam Jack lodówka chłodzić stoa jaś jaś być grać przyjść świnka trzy nalać hej przejmować wódka chłodzić hej łam Jack lodówka chłodzić stoa jaś jaś być grać przyjść świnka trzy nalać hej przejmować wódka chłodzić czuć:v móc spać rano:d boleć:v2 lekki kac sypialny:a telewizor cichutko żona gra przytulać kuchnia:s radio gadać hej łam Jack lodówka chłodzić stoa jaś jaś być grać przyjść świnka trzy nalać hej przejmować wódka chłodzić hej łam Jack lodówka chłodzić stoa jaś jaś być grać przyjść świnka trzy nalać hej przejmować wódka chłodzić hej łam Jack lodówka chłodzić stoa jaś jaś być grać przyjść świnka trzy nalać hej przejmować wódka chłodzić hej łam Jack lodówka chłodzić stoa jaś jaś być grać przyjść świnka trzy nalać hej przejmować wódka chłodzić
2185,2185,oddam siebie ot przynajmniej nocy chcesz stawiaj pytań chcesz wiedzieć naprawdę ok morda chcę nieśmiertelnym jednym dzieje chce obiecuj czekaj wiem mógłbym czekać otwartych drzwiach wątpić huśtać szczyl dziesięciu chce odliczać dół razem zechcesz morda chcę nieśmiertelnym jednym dzieje chce obiecuj czekaj wiem wspólną łatwiznę odbębniamy wciąż choć siódmym niebie raz potem spada dół choć prostu cool czas ulotnić stąd zanim słońce dopadnie wciągnie chmur morda chcę nieśmiertelnym jednym dzieje chce obiecuj czekać chcę poczekać chcę poczekać chcę poczekać chcę,ich_troje-niesmiertelny,oddać siebie ot przynajmniej noc chcieć stawiać pytanie chcieć wiedzieć naprawdę:i oko:s1 morda chcieć nieśmiertelny:a jeden:a dziać chcieć obiecować czekać wiedzieć móc czekać otwarty drzwi wątpić huśtać szczyl dziesięć chcieć odliczać dół:s1 razem zechcieć morda chcieć nieśmiertelny:a jeden:a dziać chcieć obiecować czekać wiedzieć wspólny łatwizna odbębniać wciąż choć:c siódmy:a niebo raz:s1 potem spadać dół:s1 choć:c prosty:a cool:a czas:v ulotnić stąd zanim słońce dopaść:v1 wciągnąć chmura morda chcieć nieśmiertelny:a jeden:a dziać chcieć obiecować czekać chcieć poczekać chcieć poczekać chcieć poczekać chcieć
2186,2186,aleksandra króla pono człeka zwanego diomedesem berło pańskie przywiedziono skutego łańcuch het kretesem diomedes dobrego zgarniał morzu dołapił stawion sędziego iżby śmierć szpetną kwapił iżby śmierć szpetną kwapił cysarz ozwie surowo czemuś zbójcą morskim bracie tamten robiąc głową zbójcą nazywacie jednej łodzi gdybych miał statków choć dwieście byłbych złodziej cysarz jesteście cysarz rzeczenie diomedesowe myśli zważył dolę twą prawda wnet odmienię lichą dobrą zdarzył zbójcą opatrzeń hojnie złotem żył odtąd zacnie pełen chwały walery zaświadcza tem wielkim wołany rzym wielkim wołany rzym wielkim wołany rzym wielkim wołany rzym wielkim wołany rzym,ich_troje-za_aleksandra,Aleksandra król:s1 pono człek zwać Diomedes berło pański przywieść skuć łańcuch het kretes Diomedes dobry:a zgarniać morze dołapił stawion sędzia:s1 iż śmierć szpetny kwapić iż śmierć szpetny kwapić Cysarz:s1 ozwać surowo czemu zbójca morski bracia tamten robić głowa zbójca nazywać jeden:a łódź gdybych mieć statki choć:c dwieście byłbych złodziej Cysarz:s1 być Cysarz:s1 rzec:v1 diomedesowe myślić zważyć dola twój:a prawda:s wnet odmienić lichy dobry:a zdarzyć:v1 zbójca opatrzenie hojnie złoto:s żyć odtąd zacnie pełny chwała Waler:s1 zaświadczać tema wielki:a wołać Rzym:s1 wielki:a wołać Rzym:s1 wielki:a wołać Rzym:s1 wielki:a wołać Rzym:s1 wielki:a wołać Rzym:s1
2187,2187,powiedz powiedz świat milczy blady wzruszeń niczym słońce zaćmione księżyc czekające chwile poruszeń powiedz pragniesz dojrzeć oknach świata część odległą niczym drzewo więdnące skargi czekające deszcze nadzieją wstań powiedz nikt powie sępie miłości kochasz panią panem mych snów moich marzeń lęków moich straconych dni moich łez wylanych łez proszę poczekajcie sen rozpłynął świtu płomieniach chcesz chyba powrócić eos lekkich motyl marzeniach wstań powiedz nikt powie sępie miłości kochasz panią mych snów moich marzeń lęków moich straconych dni moich łez wylanych łez,ich_troje-powiedz,powiedzieć powiedzieć świat milczeć blady wzruszenie nic słońce zaćmić księżyc czekać chwila poruszenie powiedzieć pragnąć dojrzeć:v1 okno świat część odległy nic drzewo więdnąć skarga czekać deszcz nadziać wstać powiedzieć nikt powiedzieć sępi miłość kochać pani pan mój:a sen:s1 mój:a marzenia lęk mój:a stracony:a dzień:s1 mój:a łza wylany łza prosić poczekać sen:s1 rozpłynąć:v1 świt płomień chcieć chybać powrócić eos lekki motyl marzenia wstać powiedzieć nikt powiedzieć sępi miłość kochać pani mój:a sen:s1 mój:a marzenia lęk mój:a stracony:a dzień:s1 mój:a łza wylany łza
2188,2188,patrząc siebie ziębiąc twarz grzesznych słów gra trwać ufasz łzom toku wydarzeń śnisz próżnia chwil niemy wzrok zachwyt zmysłów mrok prędka wymiana zdań ciał lustrze pada deszcz tętniący głucho wiersz pleciona świetle gwiazd poezja pamiętasz pierwszy raz koniec wyznaczył czas raz strzępił uczucia zimowy wieczór powiedział pass raz płomień sercach zgasł obawiaj popatrz lustrze pada deszcz tętniący głucho wiersz pleciona świetle gwiazd poezja lustrze pada deszcz tętniący głucho wiersz pleciona świetle gwiazd poezja,ich_troje-lustro,patrzeć siebie ziębić twarz grzeszny słowo gra trwać ufać łza tok wydarzenie śnić próżnia chwila niemy:a wzrok zachwyt zmysł mrok prędki wymiana zdanie ciało lustr padać:v1 deszcz tętnieć głucho wiersz pleść światło:s gwiazda poezja pamiętać pierwszy:a raz:s1 koniec wyznaczyć czas:v raz:s1 strzępić uczucie zimowy wieczór powiedzieć passa raz:s1 płomień serce zgasnąć obawiać popatrzeć lustr padać:v1 deszcz tętnieć głucho wiersz pleść światło:s gwiazda poezja lustr padać:v1 deszcz tętnieć głucho wiersz pleść światło:s gwiazda poezja
2189,2189,minęło kiedyś kończy światła zgasną ostatni raz scenę chciałbym wejść nikt stał braw cichutku powiem żegnam sercem całym dziękuję czułem byłem żyłem brak żegnam sercu nosił wszędzie mówił wiernych spotka nikt zostawiam odchodzę czas choć brak tą pustą sceną podchodzi pyta zabrałem stąd miał myśli schodzę pakuję jedź odwracam wzrok żal odchodzę stąd żegnam sercem całym dziękuję czułem byłem żyłem brak żegnam sercu nosił wszędzie mówił wiernych spotka nikt zostawiam odchodzę czas żegnam sercem całym dziękuję czułem byłem żyłem brak żegnam sercu nosił wszędzie mówił wiernych spotka nikt zostawiam odchodzę czas choć brak,ich_troje-pozegnanie,minąć kiedy:c kończyć światły zgasnąć ostatni:a raz:s1 scena chcieć wejście nikt stać:v3 brawa cichutki powiedzieć żegnać:v1 serce cały dziękować czuć:v być żyć brak:v żegnać:v1 serce nosić wszędzie mówić wierny:a spotkać nikt zostawiać odchodzić czas:v choć:c brak:v ten pusty scena podchodzić pytać zabrać stąd mieć myślić schodzić:v2 pakować jechać odwracać wzrok żal:v odchodzić stąd żegnać:v1 serce cały dziękować czuć:v być żyć brak:v żegnać:v1 serce nosić wszędzie mówić wierny:a spotkać nikt zostawiać odchodzić czas:v żegnać:v1 serce cały dziękować czuć:v być żyć brak:v żegnać:v1 serce nosić wszędzie mówić wierny:a spotkać nikt zostawiać odchodzić czas:v choć:c brak:v
2190,2190,włóczę mieście choć chwilę świta pyta wiem knajpie strzelam lufkę dawniej razem bawiliśmy naprzeciwko usiadł łysy gość moment myślę ukradł mojego łapię kurtkę rzucam prawy kąt zostaw łysy wyjdziesz stąd przestań pić miałeś masz kochaj kochaj bądź bądź opuszczaj krok kochaj kochaj mniej czego pragnę kochaj kochaj bądź bądź opuszczaj krok kochaj kochaj mniej czego pragnę zaczynam zwolna kumać stało źle miał miałem mniej chcesz chciałaś patrzysz wielkie choć wystarczy czekam telefon sterczę całe dnie odbieram drugiej stronie naprawdę znaczy mniej perfect miałaś wczoraj wyjść oglądałaś domu czeski film niewiele mogę dać choć niewiele wystarczy kochaj kochaj bądź bądź opuszczaj krok kochaj kochaj mniej czego pragnę kochaj kochaj bądź bądź opuszczaj krok kochaj kochaj mniej czego pragnę,ich_troje-kochaj_mnie_kochaj,włóczyć:v1 miesić choć:c chwila świtać pytać wiedzieć knajpa strzelać lufka dawno razem bawić naprzeciwko:d usiąść łysy:a gość moment myśleć ukraść mój:a łapię kurtka rzucać prawy:a1 kąt zostawić łysy:a wyjść stąd przestać:v1 picie mieć mieć kochać kochać bądź:j bądź:j opuszczać krok kochać kochać mało:d czego pragnąć kochać kochać bądź:j bądź:j opuszczać krok kochać kochać mało:d czego pragnąć zaczynać zwolna kumać:v1 stać:v3 źle mieć mieć mało:d chcieć chcieć patrzyć wielki:a choć:c wystarczyć czekać telefon sterczeć cały dna odbierać drugi:a strona naprawdę:i znaczyć mało:d perfect mieć wczoraj:d wyjście oglądać dom czeski:a film niewiele:d móc dać choć:c niewiele:d wystarczyć kochać kochać bądź:j bądź:j opuszczać krok kochać kochać mało:d czego pragnąć kochać kochać bądź:j bądź:j opuszczać krok kochać kochać mało:d czego pragnąć
2191,2191,marzenia zamknąłem wielkiej walizce życie targane wiatrem zwiędłe liście kłamstwa małe znaczące wkładam szafę czekają wzejdzie słońce chcę pamiętać niczego chciałem chcę świętym chcę wcale ideałem ciągle czekam całe życie przechlapuję ukryciu uchylam wieko płaczę cichu płaczę cichu płaczę cichu marzenia zamknąłem wielkiej walizce życie targane wiatrem zwiędłe liście pytam siebie dałem odpowiadam wiem czego chciałem,ich_troje-walizka,marzenia zamknąć wielki:a walizka życie targać wiatr zwiędły liście kłamstwo mały:a znaczący wkładać szafa czekać wzejść słońce chcieć pamiętać nic chcieć chcieć święty:a chcieć wcale ideał:s1 ciągle czekać cały życie przechlapuję ukrycie uchylać wieko płakać cichy płakać cichy płakać cichy marzenia zamknąć wielki:a walizka życie targać wiatr zwiędły liście pytać siebie dać odpowiadać wiedzieć czego chcieć
2192,2192,wydarte marzenia pragnące spełnienia bańki mydlane siedzimy szaleni huśtawce szerszeni lubimy zabawy gry skrzydłach gołębia pisklęta jastrzębia znamy zwyczajów cóż podobnym krzyku zapachem goździków niestety starcza róż walc tańcz bujaj tańcz swoją duszę rozhulaj klaun chce pijanym zakończyć bal walc walc dalej bujaj tańcz snu klauna utulaj wie dobre złe zostać chce dobre złe chciałbym przytulić twe ciało wtulić zapomnieć moment swój grzech powiesić haku miłości żebraków błądzącą gromadę wśród drzew czarodziej wciąż jęczy brak pajęczyn chleb grzech prawo lewo piękniejsi drzewo walca stajemy wśród walc tańcz bujaj tańcz swoją duszę rozhulaj klaun chce pijanym zakończyć bal walc walc dalej bujaj tańcz snu klauna utulaj wie dobre złe zostać chce dobre biały wszędzie czarny czerwony cienki włos płomieniach świece palimy drwa piecach zimno zimno źle starej płyty gra choć zapity rzęsach parują łzy patrzeć zmartwieniu serca płomieniom pogłaskać twe ciało drżeć walc tańcz bujaj tańcz swoją duszę rozhulaj klaun chce pijanym zakończyć bal walc walc dalej bujaj tańcz snu klauna utulaj wie dobre złe zostać chce dobre złe walc tańcz bujaj tańcz swoją duszę rozhulaj klaun chce pijanym zakończyć bal walc walc dalej bujaj tańcz snu klauna utulaj wie dobre złe zostać chce dobre złe,ich_troje-walczyk_bujaj_sie,wydrzeć marzenia pragnący:a spełnienie bańka mydlany siedzieć szalony:a huśtawka szerszeń lubić zabawa gra skrzydło gołębi pisklę jastrzębi znać:v zwyczaj cóż podobny krzyk zapach goździk niestety starczy róż walc tańczyć bujać tańczyć swój dusza rozhulać klaun chcieć pijany:a zakończyć bal:s1 walc walc daleko bujać tańczyć sen:s1 klaun utulać wiedzieć dobry:a zły:a zostać chcieć dobry:a zły:a chcieć przytulić twój:a ciało wtulić zapomnieć moment swój grzech powiesić hak miłość żebrak błądzić gromada wśród drzewo czarodziej wciąż jęczeć brak:v pajęczyna chleb grzech prawo:d1 lewo:d piękny drzewo walc stajać wśród walc tańczyć bujać tańczyć swój dusza rozhulać klaun chcieć pijany:a zakończyć bal:s1 walc walc daleko bujać tańczyć sen:s1 klaun utulać wiedzieć dobry:a zły:a zostać chcieć dobry:a biały:a wszędzie czarny:a czerwony:a cienki włos płomień świeca palić drwa piec:s zimno:d zimno:d źle stary:a płyt gra choć:c zapity rzęsa parować łza patrzeć zmartwienie serce płomień pogłaskać twój:a ciało drżeć walc tańczyć bujać tańczyć swój dusza rozhulać klaun chcieć pijany:a zakończyć bal:s1 walc walc daleko bujać tańczyć sen:s1 klaun utulać wiedzieć dobry:a zły:a zostać chcieć dobry:a zły:a walc tańczyć bujać tańczyć swój dusza rozhulać klaun chcieć pijany:a zakończyć bal:s1 walc walc daleko bujać tańczyć sen:s1 klaun utulać wiedzieć dobry:a zły:a zostać chcieć dobry:a zły:a
2193,2193,opowiem chciałam przerysowaną prozą dnia wierszem dancing pójść móc zakochać chcę biały pisany sercem czwartej ciszą krzykiem mógłby chcę… zapomnieć pamięci kochać chcę nauczy oszukać wstyd powiedzieć prawdę kłamiąc wręcz walki walczyć naucz pokochać ciebie… zdradzimy każdą myśl powiemy milcząc wręcz oddamy słowom słysząc zobaczymy dźwięk będziemy tańczyć stojąc cierpliwie czekać chciałabym dancingu kącie stać szukając znaleźć poznać znając poczuć biały wiersz,ich_troje-dancing,opowiedzieć chcieć przerysować proza dzień:s1 wiersz dancing pójście móc zakochać chcieć biały:a pisany serce czwarty:a ciszyć krzyk móc chcieć zapomnieć pamięć kochać chcieć nauczyć oszukać wstyd:v powiedzieć prawda:s kłamać wręcz:d walka walczyć nauczyć pokochać ty zdradzić każdy myśl powiedzieć milczeć wręcz:d oddać słowo słyszeć zobaczyć dźwięk być tańczyć stać:v3 cierpliwie czekać chcieć dancing kąt stać:v szukać znaleźć poznać znać:v poczucie biały:a wiersz
2194,2194,spójrz choć raz lustro pojawia k widzisz graj jesteś kim chciałabyś kim widzieć chcą inni wiesz denne pokaż swoją twarz pokaż masz kim naprawdę jesteś kogo znam mów kiedyś pokaż swoją twarz zdejmij maskę zostań taką jaka znam kocham pokaż swoją twarz swą prawdziwą twarz zwrotka zaufaj skarbie bądź ok wygrasz czym mniej jaką role chciałabyś grać zmienisz całkiem chciał znać pokaż swoją twarz pokaż masz kim naprawdę jesteś kogo znam mów kiedyś pokaż swoją twarz zdejmij maskę zostań taką jaka znam kocham pokaż swoją twarz swą prawdziwą twarz źle robię błąd bądź pokaż swoją twarz pokaż masz kim naprawdę jesteś kogo znam mów kiedyś pokaż swoją twarz zdejmij maskę zostań taką jaka znam kocham pokaż swoją twarz swą prawdziwą twarz,ich_troje-pokaz_swoja_twarz,spojrzeć choć:c raz:s1 lustro pojawiać kompania widzieć grać być ki chcieć ki widzieć chcieć inny:a wiedzieć denny pokazać swój twarz pokazać mieć ki naprawdę:i być koga znać:v mowa kiedy:c pokazać swój twarz zdjąć maska zostać taki:a jaki znać:v kochać pokazać swój twarz swój prawdziwy twarz zwrotka zaufać skarb bądź:j oko:s1 wygrać czy:q mało:d jaki rola chcieć grać zmienić całkiem chcieć znać:v pokazać swój twarz pokazać mieć ki naprawdę:i być koga znać:v mowa kiedy:c pokazać swój twarz zdjąć maska zostać taki:a jaki znać:v kochać pokazać swój twarz swój prawdziwy twarz źle robić błąd bądź:j pokazać swój twarz pokazać mieć ki naprawdę:i być koga znać:v mowa kiedy:c pokazać swój twarz zdjąć maska zostać taki:a jaki znać:v kochać pokazać swój twarz swój prawdziwy twarz
2195,2195,kąciku twoich ust cicho rośnie cień wczoraj zbyt ciasno myślach składa krwi dzień mogła skał mocniejsza ramion twych płyną dni smutne zimne złe obiecałeś radość nieść kwiat kwiat umarł dłoniach słów cierpkich głośnych milczących długich chwil kwiat kwiat chcesz ożył bólu istnień dwóch spotykacie bogatszy czas dzieje ciszę zmienia ciepły szept szept ramion splot choć płacze nocą uśmiech rodzi dzień dobrych chwil bukiet złożę zakwitnie twych stóp kwiat kwiat dłoniach umarł słów cierpkich głośnych zbyt milczących długich dni kwiat kwiat chciałbyś żył dobrych chwil bukiet złożę zakwitnie twych stóp kwiat kwiat dłoniach umarł słów cierpkich głośnych zbyt milczących długich dni kwiat kwiat chciałbyś żył,ich_troje-kobieta_jest_jak_kwiat,kącik twój:a usta cicho rosnąć cień wczoraj:d zbyt:s ciasno myśl składać krew dzień:s1 móc skała mocny:a ramię twój:a płynąć dzień:s1 smutny zimny zły:a obiecać radość nieść kwiat kwiat umrzeć dłoń słowo cierpki głośny milczący długi chwila kwiat kwiat chcieć ożyć ból istnienie dwa spotykać bogaty:a czas:v dziać ciszyć zmieniać ciepły szept szept ramię splot choć:c płakać noc uśmiech rodzić dzień:s1 dobry:a chwila bukiet złożyć zakwitnąć twój:a stopa kwiat kwiat dłoń umrzeć słowo cierpki głośny zbyt:s milczący długi dzień:s1 kwiat kwiat chcieć żyć dobry:a chwila bukiet złożyć zakwitnąć twój:a stopa kwiat kwiat dłoń umrzeć słowo cierpki głośny zbyt:s milczący długi dzień:s1 kwiat kwiat chcieć żyć
2196,2196,pamiętasz powiedziałaś chcę wyjeżdżam bóg wie byłem pewny skończył świat potem pomyślałem siedzę siedzisz wiem grasz gram pocałuj mogę całować myślałem ciężko samotne noce zrujnują dni byłem pewien wiesz pomyślałem siedzę siedzisz wiem grasz gram pocałuj mogę całować siedzę siedzisz wiem grasz gram pocałuj mogę całować instrumental siedzę siedzisz wiem grasz gram pocałuj mogę całować pierwsza byłaś ostatnia mogłem każdej napisać piękny wiersz drodze którąś przypominam siedzę wiem gra gram całuje mogę całować siedzę siedzisz wiem grasz gram pocałuj mogę całować,ich_troje-pocaluj_mnie_tam,pamiętać powiedzieć chcieć wyjeżdżać bóg wiedzieć być pewny:a1 skończyć świat potem pomyśleć siedzieć siedzieć wiedzieć grać grać pocałować móc całować myśleć ciężko samotny noc zrujnować dzień:s1 być pewien wiedzieć pomyśleć siedzieć siedzieć wiedzieć grać grać pocałować móc całować siedzieć siedzieć wiedzieć grać grać pocałować móc całować instrumental siedzieć siedzieć wiedzieć grać grać pocałować móc całować pierwszy:a być ostatni:a móc każdy napisać piękny wiersz droga któryś przypominać siedzieć wiedzieć gra grać całować móc całować siedzieć siedzieć wiedzieć grać grać pocałować móc całować
2197,2197,budzisz wśród swoich chorych snów znam niełatwo odzyć stało musiało zmienisz wiesz winien dróg poplątało przejmuj bywa źle posłuchaj wystarczy zbudzić gorzkich łez koszmarny sen chwilę wstanie dzień gorzkich łez wiesz życiu zdarza trudno zacząć zera rozpocząć grę wykonać pierwszy ruch chciałabym dać odpowiedź pytaj wiesz gorzkich łez,ich_troje-to_tylko_chwila,budzić wśród swój chory:a sen:s1 znać:v niełatwo odzyć stać:v3 musieć zmienić wiedzieć winien droga poplątać przejmować bywać źle posłuchać wystarczyć zbudzić gorzki łza koszmarny sen:s1 chwila wstać dzień:s1 gorzki łza wiedzieć życie zdarzać:v1 trudno zacząć zero:s rozpocząć gra wykonać pierwszy:a ruch chcieć dać odpowiedź pytać wiedzieć gorzki łza
2198,2198,małym piwku samego rana kazio ruskiego wniósł szampana chłopcy uśmiechnęli zabawa niedzieli temat zdarzył polityczny lepiej komuny człowiek robił liczył liczą fortuny cztery piweczka flaszeczka trzy papieroski marsz dąbrowski śpiewa sala łapie koło południa przyjechał heniek niesie butelkę chopinie butelce bimber orzechowy poprawia dar wymowy bierzemy polki tapetę przykładamy oka jaką chciałby mieć kobietę czym wąska czym szeroka cztery piweczka flaszeczka trzy papieroski marsz dąbrowski śpiewa sala łapie wieczór przyjeżdża felek mocno kościele mówi zbrzydło picie kraju wisłą całkowicie przytakują kurna zrobic da choćbyśmy pili całe życie stale bieda cztery piweczka flaszeczka trzy papieroski marsz dąbrowski śpiewa sala łapie podrapie,ich_troje-cztery_piweczka,mały:a piwko sam:a rany:a Kazio ruski:a wnieść szampan chłopiec uśmiechnąć zabawa niedziela temat zdarzyć:v1 polityczny:a dobrze komuna człowiek robić liczyć liczyć fortuna cztery piweczko flaszeczka trzy papierosek marsz:s1 dąbrowski śpiewać sala łapać koło:s południ przyjechać Heniek nieść butelka Chopin:s1 butelka bimber orzechowy poprawiać dar wymowa brać:v polka tapeta przykładać oko:s1 jaki chcieć mieć kobieta czy:q wąski czy:q szeroki cztery piweczko flaszeczka trzy papierosek marsz:s1 dąbrowski śpiewać sala łapać wieczór przyjeżdżać Felka:s3 mocno kościół mówić zbrzydnąć picie kraj Wisła:s1 całkowicie przytakiwać kurny zrobic dać choćby:c pilić cały życie stale bieda cztery piweczko flaszeczka trzy papierosek marsz:s1 dąbrowski śpiewać sala łapać podrapać
2199,2199,prędkość światła pozwala czas dogonić – tra la la la kiedyś ziści dogonię myśli czas przestrzeń liczą gardło chwycą einstein wiedział powiedział diabłu swoją duszę sprzedał poprzez czasoprzestrzeń mknę dogonisz dopadniesz choćbyś chciał gdybyś odpał miał wiem pójdę spać … przestanę gnać czarną dziurę pcha… skończy gra teoria zada cios – rzeczywistość zmieni los dopiero bal – czasoprzestrzeń sto par tik tik tik tik – czas robi śni oddać strzał mieć szansę wpadł szał poprzez czasoprzestrzeń mknę – dogonisz dopadniesz choćbyś chciał – gdybyś odpał miał wiem pójdę spać – przestanę gnać czarną dziurę pcha – skończy gra,ich_troje-czas,prędkość światły pozwalać:v1 czas:v dogonić – tra la:s la:s la:s kiedy:c ziścić dogonić myślić czas:v przestrzeń liczyć gardło chwycić einstein wiedzieć powiedzieć diabeł swój dusza sprzedać poprzez czasoprzestrzeń mknąć dogonić dopaść:v1 choćby:c chcieć gdyby:c odpał mieć wiedzieć pójść spać … przestać:v1 gnać czarny:a dziura pchać skończyć gra teoria zadać cios – rzeczywistość zmienić los dopiero bal:s1 – czasoprzestrzeń sto par:s1 tik tik tik tik – czas:v robić śnić oddać strzał mieć szansa wpaść:v1 szał poprzez czasoprzestrzeń mknąć – dogonić dopaść:v1 choćby:c chcieć – gdyby:c odpał mieć wiedzieć pójść spać – przestać:v1 gnać czarny:a dziura pchać – skończyć gra
